"No.","Time","Source","Destination","Protocol","Length","Info"
"1","0.000000000","10.0.2.15","149.154.167.99","TLSv1.2","189","Application Data"
"2","0.000549299","149.154.167.99","10.0.2.15","TCP","62","443  >  43190 [ACK] Seq=1 Ack=134 Win=65535 Len=0"
"3","0.171639657","149.154.167.99","10.0.2.15","TLSv1.2","169","Application Data"
"4","0.171681327","10.0.2.15","149.154.167.99","TCP","56","43190  >  443 [ACK] Seq=134 Ack=114 Win=65535 Len=0"
"564","2.008504145","10.0.2.15","149.154.167.99","TLSv1.2","189","Application Data"
"565","2.009069939","149.154.167.99","10.0.2.15","TCP","62","443  >  43190 [ACK] Seq=114 Ack=267 Win=65535 Len=0"
"566","2.091934831","149.154.167.99","10.0.2.15","TLSv1.2","169","Application Data"
"567","2.091997103","10.0.2.15","149.154.167.99","TCP","56","43190  >  443 [ACK] Seq=267 Ack=227 Win=65535 Len=0"
"568","4.007092751","10.0.2.15","149.154.167.99","TLSv1.2","239","Application Data"
"569","4.007641134","149.154.167.99","10.0.2.15","TCP","62","443  >  43190 [ACK] Seq=227 Ack=450 Win=65535 Len=0"
"570","4.145355946","149.154.167.99","10.0.2.15","TLSv1.2","169","Application Data"
"571","4.145388898","10.0.2.15","149.154.167.99","TCP","56","43190  >  443 [ACK] Seq=450 Ack=340 Win=65535 Len=0"
"572","4.850884032","149.154.167.99","10.0.2.15","TLSv1.2","219","Application Data"
"573","4.850918595","10.0.2.15","149.154.167.99","TCP","56","43190  >  443 [ACK] Seq=450 Ack=503 Win=65535 Len=0"
"574","4.860205300","10.0.2.15","149.154.167.99","TLSv1.2","223","Application Data"
"575","4.860729661","149.154.167.99","10.0.2.15","TCP","62","443  >  43190 [ACK] Seq=503 Ack=617 Win=65535 Len=0"
"576","6.002111914","10.0.2.15","149.154.167.99","TLSv1.2","223","Application Data"
"577","6.002693986","149.154.167.99","10.0.2.15","TCP","62","443  >  43190 [ACK] Seq=503 Ack=784 Win=65535 Len=0"
"578","6.085671818","149.154.167.99","10.0.2.15","TLSv1.2","169","Application Data"
"579","6.130924627","10.0.2.15","149.154.167.99","TCP","56","43190  >  443 [ACK] Seq=784 Ack=616 Win=65535 Len=0"
"580","6.478361666","10.0.2.15","149.154.167.99","TLSv1.2","205","Application Data"
"581","6.478929297","149.154.167.99","10.0.2.15","TCP","62","443  >  43190 [ACK] Seq=616 Ack=933 Win=65535 Len=0"
"584","6.663577211","149.154.167.99","10.0.2.15","TLSv1.2","507","Application Data"
"585","6.663611708","10.0.2.15","149.154.167.99","TCP","56","43190  >  443 [ACK] Seq=933 Ack=1067 Win=65535 Len=0"
"586","6.679960273","10.0.2.15","149.154.167.99","TLSv1.2","189","Application Data"
"587","6.680490806","149.154.167.99","10.0.2.15","TCP","62","443  >  43190 [ACK] Seq=1067 Ack=1066 Win=65535 Len=0"
"588","8.015673217","10.0.2.15","149.154.167.99","TLSv1.2","189","Application Data"
"589","8.016294224","149.154.167.99","10.0.2.15","TCP","62","443  >  43190 [ACK] Seq=1067 Ack=1199 Win=65535 Len=0"
"590","8.097594142","149.154.167.99","10.0.2.15","TLSv1.2","169","Application Data"
"591","8.141678057","10.0.2.15","149.154.167.99","TCP","56","43190  >  443 [ACK] Seq=1199 Ack=1180 Win=65535 Len=0"
"592","10.012519292","10.0.2.15","149.154.167.99","TLSv1.2","223","Application Data"
"593","10.013027447","149.154.167.99","10.0.2.15","TCP","62","443  >  43190 [ACK] Seq=1180 Ack=1366 Win=65535 Len=0"
"594","10.124053926","149.154.167.99","10.0.2.15","TLSv1.2","169","Application Data"
"595","10.124088176","10.0.2.15","149.154.167.99","TCP","56","43190  >  443 [ACK] Seq=1366 Ack=1293 Win=65535 Len=0"
"596","12.010607679","10.0.2.15","149.154.167.99","TLSv1.2","189","Application Data"
"597","12.011059746","149.154.167.99","10.0.2.15","TCP","62","443  >  43190 [ACK] Seq=1293 Ack=1499 Win=65535 Len=0"
"598","12.094673779","149.154.167.99","10.0.2.15","TLSv1.2","169","Application Data"
"599","12.094706800","10.0.2.15","149.154.167.99","TCP","56","43190  >  443 [ACK] Seq=1499 Ack=1406 Win=65535 Len=0"
"618","14.011176738","10.0.2.15","149.154.167.99","TLSv1.2","189","Application Data"
"619","14.011651739","149.154.167.99","10.0.2.15","TCP","62","443  >  43190 [ACK] Seq=1406 Ack=1632 Win=65535 Len=0"
"620","14.102823048","149.154.167.99","10.0.2.15","TLSv1.2","169","Application Data"
"621","14.102887447","10.0.2.15","149.154.167.99","TCP","56","43190  >  443 [ACK] Seq=1632 Ack=1519 Win=65535 Len=0"
"622","16.016351068","10.0.2.15","149.154.167.99","TLSv1.2","189","Application Data"
"623","16.016911788","149.154.167.99","10.0.2.15","TCP","62","443  >  43190 [ACK] Seq=1519 Ack=1765 Win=65535 Len=0"
"624","16.102602018","149.154.167.99","10.0.2.15","TLSv1.2","169","Application Data"
"625","16.102639192","10.0.2.15","149.154.167.99","TCP","56","43190  >  443 [ACK] Seq=1765 Ack=1632 Win=65535 Len=0"
"634","18.025582706","10.0.2.15","149.154.167.99","TLSv1.2","239","Application Data"
"635","18.026096752","149.154.167.99","10.0.2.15","TCP","62","443  >  43190 [ACK] Seq=1632 Ack=1948 Win=65535 Len=0"
"636","18.188892057","149.154.167.99","10.0.2.15","TLSv1.2","169","Application Data"
"637","18.188927670","10.0.2.15","149.154.167.99","TCP","56","43190  >  443 [ACK] Seq=1948 Ack=1745 Win=65535 Len=0"
"638","20.014046230","10.0.2.15","149.154.167.99","TLSv1.2","205","Application Data"
"639","20.014565596","149.154.167.99","10.0.2.15","TCP","62","443  >  43190 [ACK] Seq=1745 Ack=2097 Win=65535 Len=0"
"640","20.098272011","149.154.167.99","10.0.2.15","TLSv1.2","169","Application Data"
"641","20.098300262","10.0.2.15","149.154.167.99","TCP","56","43190  >  443 [ACK] Seq=2097 Ack=1858 Win=65535 Len=0"
"642","22.021322778","10.0.2.15","149.154.167.99","TLSv1.2","255","Application Data"
"643","22.021775748","149.154.167.99","10.0.2.15","TCP","62","443  >  43190 [ACK] Seq=1858 Ack=2296 Win=65535 Len=0"
"644","22.111800648","149.154.167.99","10.0.2.15","TLSv1.2","169","Application Data"
"645","22.111836089","10.0.2.15","149.154.167.99","TCP","56","43190  >  443 [ACK] Seq=2296 Ack=1971 Win=65535 Len=0"
"646","24.028749501","10.0.2.15","149.154.167.99","TLSv1.2","255","Application Data"
"647","24.029150873","149.154.167.99","10.0.2.15","TCP","62","443  >  43190 [ACK] Seq=1971 Ack=2495 Win=65535 Len=0"
"648","24.112112732","149.154.167.99","10.0.2.15","TLSv1.2","169","Application Data"
"649","24.112147185","10.0.2.15","149.154.167.99","TCP","56","43190  >  443 [ACK] Seq=2495 Ack=2084 Win=65535 Len=0"
"2794","26.016368180","10.0.2.15","149.154.167.99","TLSv1.2","239","Application Data"
"2795","26.016810194","149.154.167.99","10.0.2.15","TCP","62","443  >  43190 [ACK] Seq=2084 Ack=2678 Win=65535 Len=0"
"2796","26.099153280","149.154.167.99","10.0.2.15","TLSv1.2","169","Application Data"
"2797","26.099178996","10.0.2.15","149.154.167.99","TCP","56","43190  >  443 [ACK] Seq=2678 Ack=2197 Win=65535 Len=0"
"2798","28.022572428","10.0.2.15","149.154.167.99","TLSv1.2","223","Application Data"
"2799","28.022977478","149.154.167.99","10.0.2.15","TCP","62","443  >  43190 [ACK] Seq=2197 Ack=2845 Win=65535 Len=0"
"2800","28.106237002","149.154.167.99","10.0.2.15","TLSv1.2","169","Application Data"
"2801","28.106266421","10.0.2.15","149.154.167.99","TCP","56","43190  >  443 [ACK] Seq=2845 Ack=2310 Win=65535 Len=0"
"2802","29.514145707","149.154.167.99","10.0.2.15","TLSv1.2","251","Application Data"
"2803","29.514190289","10.0.2.15","149.154.167.99","TCP","56","43190  >  443 [ACK] Seq=2845 Ack=2505 Win=65535 Len=0"
"2804","29.554346369","10.0.2.15","149.154.167.99","TLSv1.2","239","Application Data"
"2805","29.554802292","149.154.167.99","10.0.2.15","TCP","62","443  >  43190 [ACK] Seq=2505 Ack=3028 Win=65535 Len=0"
"2806","29.554942200","10.0.2.15","149.154.167.99","TLSv1.2","223","Application Data"
"2807","29.555181240","149.154.167.99","10.0.2.15","TCP","62","443  >  43190 [ACK] Seq=2505 Ack=3195 Win=65535 Len=0"
"2808","29.666358372","149.154.167.99","10.0.2.15","TLSv1.2","169","Application Data"
"2809","29.666393790","10.0.2.15","149.154.167.99","TCP","56","43190  >  443 [ACK] Seq=3195 Ack=2618 Win=65535 Len=0"
"2810","29.674643903","10.0.2.15","149.154.167.99","TLSv1.2","205","Application Data"
"2811","29.675096479","149.154.167.99","10.0.2.15","TCP","62","443  >  43190 [ACK] Seq=2618 Ack=3344 Win=65535 Len=0"
"2812","30.020239036","10.0.2.15","149.154.167.99","TLSv1.2","205","Application Data"
"2813","30.020712674","149.154.167.99","10.0.2.15","TCP","62","443  >  43190 [ACK] Seq=2618 Ack=3493 Win=65535 Len=0"
"2814","30.165412510","149.154.167.99","10.0.2.15","TLSv1.2","169","Application Data"
"2815","30.209928100","10.0.2.15","149.154.167.99","TCP","56","43190  >  443 [ACK] Seq=3493 Ack=2731 Win=65535 Len=0"
"3362","32.018933683","10.0.2.15","149.154.167.99","TLSv1.2","223","Application Data"
"3363","32.019459119","149.154.167.99","10.0.2.15","TCP","62","443  >  43190 [ACK] Seq=2731 Ack=3660 Win=65535 Len=0"
"3364","32.101243038","149.154.167.99","10.0.2.15","TLSv1.2","169","Application Data"
"3365","32.101274722","10.0.2.15","149.154.167.99","TCP","56","43190  >  443 [ACK] Seq=3660 Ack=2844 Win=65535 Len=0"
"3366","34.025718264","10.0.2.15","149.154.167.99","TLSv1.2","239","Application Data"
"3367","34.026135641","149.154.167.99","10.0.2.15","TCP","62","443  >  43190 [ACK] Seq=2844 Ack=3843 Win=65535 Len=0"
"3368","34.125766178","149.154.167.99","10.0.2.15","TLSv1.2","169","Application Data"
"3369","34.125804821","10.0.2.15","149.154.167.99","TCP","56","43190  >  443 [ACK] Seq=3843 Ack=2957 Win=65535 Len=0"
"3370","34.995203281","149.154.167.99","10.0.2.15","TLSv1.2","219","Application Data"
"3371","34.995232289","10.0.2.15","149.154.167.99","TCP","56","43190  >  443 [ACK] Seq=3843 Ack=3120 Win=65535 Len=0"
"3372","35.015243885","10.0.2.15","149.154.167.99","TLSv1.2","239","Application Data"
"3373","35.015729142","149.154.167.99","10.0.2.15","TCP","62","443  >  43190 [ACK] Seq=3120 Ack=4026 Win=65535 Len=0"
"3374","36.022257966","10.0.2.15","149.154.167.99","TLSv1.2","189","Application Data"
"3375","36.022703433","149.154.167.99","10.0.2.15","TCP","62","443  >  43190 [ACK] Seq=3120 Ack=4159 Win=65535 Len=0"
"3376","36.107867451","149.154.167.99","10.0.2.15","TLSv1.2","169","Application Data"
"3377","36.149012833","10.0.2.15","149.154.167.99","TCP","56","43190  >  443 [ACK] Seq=4159 Ack=3233 Win=65535 Len=0"
"3378","38.022479196","10.0.2.15","149.154.167.99","TLSv1.2","189","Application Data"
"3379","38.022951880","149.154.167.99","10.0.2.15","TCP","62","443  >  43190 [ACK] Seq=3233 Ack=4292 Win=65535 Len=0"
"3380","38.120729444","149.154.167.99","10.0.2.15","TLSv1.2","169","Application Data"
"3381","38.120764520","10.0.2.15","149.154.167.99","TCP","56","43190  >  443 [ACK] Seq=4292 Ack=3346 Win=65535 Len=0"
"3384","40.035643579","10.0.2.15","149.154.167.99","TLSv1.2","205","Application Data"
"3385","40.036031125","149.154.167.99","10.0.2.15","TCP","62","443  >  43190 [ACK] Seq=3346 Ack=4441 Win=65535 Len=0"
"3386","40.128292415","149.154.167.99","10.0.2.15","TLSv1.2","169","Application Data"
"3387","40.128340017","10.0.2.15","149.154.167.99","TCP","56","43190  >  443 [ACK] Seq=4441 Ack=3459 Win=65535 Len=0"
"3388","42.022077858","10.0.2.15","149.154.167.99","TLSv1.2","223","Application Data"
"3389","42.022528532","149.154.167.99","10.0.2.15","TCP","62","443  >  43190 [ACK] Seq=3459 Ack=4608 Win=65535 Len=0"
"3390","42.129298718","149.154.167.99","10.0.2.15","TLSv1.2","169","Application Data"
"3391","42.129339937","10.0.2.15","149.154.167.99","TCP","56","43190  >  443 [ACK] Seq=4608 Ack=3572 Win=65535 Len=0"
"3409","44.020786136","10.0.2.15","149.154.167.99","TLSv1.2","189","Application Data"
"3410","44.021235267","149.154.167.99","10.0.2.15","TCP","62","443  >  43190 [ACK] Seq=3572 Ack=4741 Win=65535 Len=0"
"3411","44.109209503","149.154.167.99","10.0.2.15","TLSv1.2","169","Application Data"
"3412","44.109254485","10.0.2.15","149.154.167.99","TCP","56","43190  >  443 [ACK] Seq=4741 Ack=3685 Win=65535 Len=0"
"3413","46.036024446","10.0.2.15","149.154.167.99","TLSv1.2","189","Application Data"
"3414","46.036427037","149.154.167.99","10.0.2.15","TCP","62","443  >  43190 [ACK] Seq=3685 Ack=4874 Win=65535 Len=0"
"3415","46.122365979","149.154.167.99","10.0.2.15","TLSv1.2","169","Application Data"
"3416","46.122402740","10.0.2.15","149.154.167.99","TCP","56","43190  >  443 [ACK] Seq=4874 Ack=3798 Win=65535 Len=0"
"3417","48.022769687","10.0.2.15","149.154.167.99","TLSv1.2","239","Application Data"
"3418","48.023201461","149.154.167.99","10.0.2.15","TCP","62","443  >  43190 [ACK] Seq=3798 Ack=5057 Win=65535 Len=0"
"3419","48.118464307","149.154.167.99","10.0.2.15","TLSv1.2","169","Application Data"
"3420","48.118500753","10.0.2.15","149.154.167.99","TCP","56","43190  >  443 [ACK] Seq=5057 Ack=3911 Win=65535 Len=0"
"3421","50.023852786","10.0.2.15","149.154.167.99","TLSv1.2","189","Application Data"
"3422","50.024279694","149.154.167.99","10.0.2.15","TCP","62","443  >  43190 [ACK] Seq=3911 Ack=5190 Win=65535 Len=0"
"3427","50.115147898","149.154.167.99","10.0.2.15","TLSv1.2","169","Application Data"
"3428","50.115172353","10.0.2.15","149.154.167.99","TCP","56","43190  >  443 [ACK] Seq=5190 Ack=4024 Win=65535 Len=0"
"3429","52.039026107","10.0.2.15","149.154.167.99","TLSv1.2","255","Application Data"
"3430","52.039367979","149.154.167.99","10.0.2.15","TCP","62","443  >  43190 [ACK] Seq=4024 Ack=5389 Win=65535 Len=0"
"3431","52.225318552","149.154.167.99","10.0.2.15","TLSv1.2","169","Application Data"
"3432","52.225351363","10.0.2.15","149.154.167.99","TCP","56","43190  >  443 [ACK] Seq=5389 Ack=4137 Win=65535 Len=0"
"3433","54.027637148","10.0.2.15","149.154.167.99","TLSv1.2","239","Application Data"
"3434","54.028140094","149.154.167.99","10.0.2.15","TCP","62","443  >  43190 [ACK] Seq=4137 Ack=5572 Win=65535 Len=0"
"3435","54.110483194","149.154.167.99","10.0.2.15","TLSv1.2","169","Application Data"
"3436","54.110539791","10.0.2.15","149.154.167.99","TCP","56","43190  >  443 [ACK] Seq=5572 Ack=4250 Win=65535 Len=0"
"5481","56.029213462","10.0.2.15","149.154.167.99","TLSv1.2","205","Application Data"
"5482","56.029513868","149.154.167.99","10.0.2.15","TCP","62","443  >  43190 [ACK] Seq=4250 Ack=5721 Win=65535 Len=0"
"5483","56.127205764","149.154.167.99","10.0.2.15","TLSv1.2","169","Application Data"
"5484","56.127235187","10.0.2.15","149.154.167.99","TCP","56","43190  >  443 [ACK] Seq=5721 Ack=4363 Win=65535 Len=0"
"5493","58.044689779","10.0.2.15","149.154.167.99","TLSv1.2","223","Application Data"
"5494","58.045141248","149.154.167.99","10.0.2.15","TCP","62","443  >  43190 [ACK] Seq=4363 Ack=5888 Win=65535 Len=0"
"5495","58.173248534","149.154.167.99","10.0.2.15","TLSv1.2","169","Application Data"
"5496","58.173278106","10.0.2.15","149.154.167.99","TCP","56","43190  >  443 [ACK] Seq=5888 Ack=4476 Win=65535 Len=0"
"5497","60.032143169","10.0.2.15","149.154.167.99","TLSv1.2","223","Application Data"
"5498","60.032583144","149.154.167.99","10.0.2.15","TCP","62","443  >  43190 [ACK] Seq=4476 Ack=6055 Win=65535 Len=0"
"5499","60.142275005","149.154.167.99","10.0.2.15","TLSv1.2","169","Application Data"
"5500","60.142310652","10.0.2.15","149.154.167.99","TCP","56","43190  >  443 [ACK] Seq=6055 Ack=4589 Win=65535 Len=0"
"5501","60.607568015","149.154.167.99","10.0.2.15","TLSv1.2","622","Application Data"
"5502","60.607601797","10.0.2.15","149.154.167.99","TCP","56","43190  >  443 [ACK] Seq=6055 Ack=5155 Win=65535 Len=0"
"5503","60.634307169","10.0.2.15","149.154.167.99","TLSv1.2","205","Application Data"
"5504","60.634635979","149.154.167.99","10.0.2.15","TCP","62","443  >  43190 [ACK] Seq=5155 Ack=6204 Win=65535 Len=0"
"5505","60.639446261","10.0.2.15","149.154.167.99","TLSv1.2","189","Application Data"
"5506","60.639772799","149.154.167.99","10.0.2.15","TCP","62","443  >  43190 [ACK] Seq=5155 Ack=6337 Win=65535 Len=0"
"6049","60.808391621","149.154.167.99","10.0.2.15","TLSv1.2","169","Application Data"
"6050","60.815670407","10.0.2.15","149.154.167.99","TLSv1.2","239","Application Data"
"6051","60.816090780","149.154.167.99","10.0.2.15","TCP","62","443  >  43190 [ACK] Seq=5268 Ack=6520 Win=65535 Len=0"
"6052","62.033656226","10.0.2.15","149.154.167.99","TLSv1.2","255","Application Data"
"6053","62.034131414","149.154.167.99","10.0.2.15","TCP","62","443  >  43190 [ACK] Seq=5268 Ack=6719 Win=65535 Len=0"
"6054","62.122526944","149.154.167.99","10.0.2.15","TLSv1.2","169","Application Data"
"6055","62.166509222","10.0.2.15","149.154.167.99","TCP","56","43190  >  443 [ACK] Seq=6719 Ack=5381 Win=65535 Len=0"
"6056","64.047343718","10.0.2.15","149.154.167.99","TLSv1.2","239","Application Data"
"6057","64.047740748","149.154.167.99","10.0.2.15","TCP","62","443  >  43190 [ACK] Seq=5381 Ack=6902 Win=65535 Len=0"
"6058","64.137319289","149.154.167.99","10.0.2.15","TLSv1.2","169","Application Data"
"6059","64.137358753","10.0.2.15","149.154.167.99","TCP","56","43190  >  443 [ACK] Seq=6902 Ack=5494 Win=65535 Len=0"
"6060","64.856196170","149.154.167.99","10.0.2.15","TLSv1.2","219","Application Data"
"6061","64.856231974","10.0.2.15","149.154.167.99","TCP","56","43190  >  443 [ACK] Seq=6902 Ack=5657 Win=65535 Len=0"
"6062","64.873846794","10.0.2.15","149.154.167.99","TLSv1.2","255","Application Data"
"6063","64.874270748","149.154.167.99","10.0.2.15","TCP","62","443  >  43190 [ACK] Seq=5657 Ack=7101 Win=65535 Len=0"
"6064","66.038403751","10.0.2.15","149.154.167.99","TLSv1.2","189","Application Data"
"6065","66.038742012","149.154.167.99","10.0.2.15","TCP","62","443  >  43190 [ACK] Seq=5657 Ack=7234 Win=65535 Len=0"
"6066","66.135798598","149.154.167.99","10.0.2.15","TLSv1.2","169","Application Data"
"6067","66.177992889","10.0.2.15","149.154.167.99","TCP","56","43190  >  443 [ACK] Seq=7234 Ack=5770 Win=65535 Len=0"
"6068","67.652441983","10.0.2.15","149.154.167.99","TLSv1.2","255","Application Data"
"6069","67.652847679","149.154.167.99","10.0.2.15","TCP","62","443  >  43190 [ACK] Seq=5770 Ack=7433 Win=65535 Len=0"
"6070","67.759603163","149.154.167.99","10.0.2.15","TLSv1.2","507","Application Data"
"6071","67.759645761","10.0.2.15","149.154.167.99","TCP","56","43190  >  443 [ACK] Seq=7433 Ack=6221 Win=65535 Len=0"
"6072","67.777138746","10.0.2.15","149.154.167.99","TLSv1.2","189","Application Data"
"6073","67.777526799","149.154.167.99","10.0.2.15","TCP","62","443  >  43190 [ACK] Seq=6221 Ack=7566 Win=65535 Len=0"
"6074","68.038454631","10.0.2.15","149.154.167.99","TLSv1.2","223","Application Data"
"6075","68.038929557","149.154.167.99","10.0.2.15","TCP","62","443  >  43190 [ACK] Seq=6221 Ack=7733 Win=65535 Len=0"
"6076","68.133427429","149.154.167.99","10.0.2.15","TLSv1.2","169","Application Data"
"6077","68.177186916","10.0.2.15","149.154.167.99","TCP","56","43190  >  443 [ACK] Seq=7733 Ack=6334 Win=65535 Len=0"
"6078","70.047176689","10.0.2.15","149.154.167.99","TLSv1.2","189","Application Data"
"6079","70.047650499","149.154.167.99","10.0.2.15","TCP","62","443  >  43190 [ACK] Seq=6334 Ack=7866 Win=65535 Len=0"
"6080","70.131299877","149.154.167.99","10.0.2.15","TLSv1.2","169","Application Data"
"6081","70.131338204","10.0.2.15","149.154.167.99","TCP","56","43190  >  443 [ACK] Seq=7866 Ack=6447 Win=65535 Len=0"
"6082","72.040042669","10.0.2.15","149.154.167.99","TLSv1.2","189","Application Data"
"6083","72.040392583","149.154.167.99","10.0.2.15","TCP","62","443  >  43190 [ACK] Seq=6447 Ack=7999 Win=65535 Len=0"
"6084","72.136752817","149.154.167.99","10.0.2.15","TLSv1.2","169","Application Data"
"6085","72.136783604","10.0.2.15","149.154.167.99","TCP","56","43190  >  443 [ACK] Seq=7999 Ack=6560 Win=65535 Len=0"
"6103","74.049613798","10.0.2.15","149.154.167.99","TLSv1.2","255","Application Data"
"6104","74.050089086","149.154.167.99","10.0.2.15","TCP","62","443  >  43190 [ACK] Seq=6560 Ack=8198 Win=65535 Len=0"
"6105","74.133327633","149.154.167.99","10.0.2.15","TLSv1.2","169","Application Data"
"6106","74.133358772","10.0.2.15","149.154.167.99","TCP","56","43190  >  443 [ACK] Seq=8198 Ack=6673 Win=65535 Len=0"
"6107","76.051929053","10.0.2.15","149.154.167.99","TLSv1.2","205","Application Data"
"6108","76.052434272","149.154.167.99","10.0.2.15","TCP","62","443  >  43190 [ACK] Seq=6673 Ack=8347 Win=65535 Len=0"
"6109","76.136267257","149.154.167.99","10.0.2.15","TLSv1.2","169","Application Data"
"6110","76.136293746","10.0.2.15","149.154.167.99","TCP","56","43190  >  443 [ACK] Seq=8347 Ack=6786 Win=65535 Len=0"
"7457","78.057020346","10.0.2.15","149.154.167.99","TLSv1.2","239","Application Data"
"7459","78.057104608","149.154.167.99","10.0.2.15","TCP","62","443  >  43190 [ACK] Seq=6786 Ack=8530 Win=65535 Len=0"
"8138","78.254095351","149.154.167.99","10.0.2.15","TLSv1.2","169","Application Data"
"8139","78.254144452","10.0.2.15","149.154.167.99","TCP","56","43190  >  443 [ACK] Seq=8530 Ack=6899 Win=65535 Len=0"
"8140","80.048606333","10.0.2.15","149.154.167.99","TLSv1.2","255","Application Data"
"8141","80.048960943","149.154.167.99","10.0.2.15","TCP","62","443  >  43190 [ACK] Seq=6899 Ack=8729 Win=65535 Len=0"
"8142","80.157483819","149.154.167.99","10.0.2.15","TLSv1.2","169","Application Data"
"8143","80.157528202","10.0.2.15","149.154.167.99","TCP","56","43190  >  443 [ACK] Seq=8729 Ack=7012 Win=65535 Len=0"
"8144","82.056169324","10.0.2.15","149.154.167.99","TLSv1.2","189","Application Data"
"8145","82.056622260","149.154.167.99","10.0.2.15","TCP","62","443  >  43190 [ACK] Seq=7012 Ack=8862 Win=65535 Len=0"
"8146","82.138816343","149.154.167.99","10.0.2.15","TLSv1.2","169","Application Data"
"8147","82.138848384","10.0.2.15","149.154.167.99","TCP","56","43190  >  443 [ACK] Seq=8862 Ack=7125 Win=65535 Len=0"
"8148","84.062284093","10.0.2.15","149.154.167.99","TLSv1.2","255","Application Data"
"8149","84.062668371","149.154.167.99","10.0.2.15","TCP","62","443  >  43190 [ACK] Seq=7125 Ack=9061 Win=65535 Len=0"
"8150","84.215628490","149.154.167.99","10.0.2.15","TLSv1.2","169","Application Data"
"8151","84.215663303","10.0.2.15","149.154.167.99","TCP","56","43190  >  443 [ACK] Seq=9061 Ack=7238 Win=65535 Len=0"
"8152","86.053528714","10.0.2.15","149.154.167.99","TLSv1.2","255","Application Data"
"8153","86.054019764","149.154.167.99","10.0.2.15","TCP","62","443  >  43190 [ACK] Seq=7238 Ack=9260 Win=65535 Len=0"
"8154","86.136194852","149.154.167.99","10.0.2.15","TLSv1.2","169","Application Data"
"8155","86.136227775","10.0.2.15","149.154.167.99","TCP","56","43190  >  443 [ACK] Seq=9260 Ack=7351 Win=65535 Len=0"
"8156","88.064120963","10.0.2.15","149.154.167.99","TLSv1.2","223","Application Data"
"8157","88.064566404","149.154.167.99","10.0.2.15","TCP","62","443  >  43190 [ACK] Seq=7351 Ack=9427 Win=65535 Len=0"
"8158","88.184893755","149.154.167.99","10.0.2.15","TLSv1.2","169","Application Data"
"8159","88.184936358","10.0.2.15","149.154.167.99","TCP","56","43190  >  443 [ACK] Seq=9427 Ack=7464 Win=65535 Len=0"
"8160","90.063956735","10.0.2.15","149.154.167.99","TLSv1.2","239","Application Data"
"8161","90.064367173","149.154.167.99","10.0.2.15","TCP","62","443  >  43190 [ACK] Seq=7464 Ack=9610 Win=65535 Len=0"
"8162","90.147868627","149.154.167.99","10.0.2.15","TLSv1.2","169","Application Data"
"8163","90.147907610","10.0.2.15","149.154.167.99","TCP","56","43190  >  443 [ACK] Seq=9610 Ack=7577 Win=65535 Len=0"
"8667","91.859157302","149.154.167.99","10.0.2.15","TLSv1.2","718","Application Data"
"8668","91.859193907","10.0.2.15","149.154.167.99","TCP","56","43190  >  443 [ACK] Seq=9610 Ack=8239 Win=65535 Len=0"
"8669","91.887881314","10.0.2.15","149.154.167.99","TLSv1.2","239","Application Data"
"8670","91.888280860","149.154.167.99","10.0.2.15","TCP","62","443  >  43190 [ACK] Seq=8239 Ack=9793 Win=65535 Len=0"
"8671","91.888413939","10.0.2.15","149.154.167.99","TLSv1.2","205","Application Data"
"8672","91.888675265","149.154.167.99","10.0.2.15","TCP","62","443  >  43190 [ACK] Seq=8239 Ack=9942 Win=65535 Len=0"
"8673","91.992238533","149.154.167.99","10.0.2.15","TLSv1.2","169","Application Data"
"8674","91.998260661","10.0.2.15","149.154.167.99","TLSv1.2","239","Application Data"
"8675","91.998628426","149.154.167.99","10.0.2.15","TCP","62","443  >  43190 [ACK] Seq=8352 Ack=10125 Win=65535 Len=0"
"8676","92.061212633","10.0.2.15","149.154.167.99","TLSv1.2","223","Application Data"
"8677","92.061561319","149.154.167.99","10.0.2.15","TCP","62","443  >  43190 [ACK] Seq=8352 Ack=10292 Win=65535 Len=0"
"8678","92.147350865","149.154.167.99","10.0.2.15","TLSv1.2","169","Application Data"
"8679","92.189296577","10.0.2.15","149.154.167.99","TCP","56","43190  >  443 [ACK] Seq=10292 Ack=8465 Win=65535 Len=0"
"8680","94.069460762","10.0.2.15","149.154.167.99","TLSv1.2","223","Application Data"
"8681","94.069786972","149.154.167.99","10.0.2.15","TCP","62","443  >  43190 [ACK] Seq=8465 Ack=10459 Win=65535 Len=0"
"8682","94.157128809","149.154.167.99","10.0.2.15","TLSv1.2","169","Application Data"
"8683","94.157166705","10.0.2.15","149.154.167.99","TCP","56","43190  >  443 [ACK] Seq=10459 Ack=8578 Win=65535 Len=0"
"8684","94.850385240","149.154.167.99","10.0.2.15","TLSv1.2","219","Application Data"
"8685","94.850433831","10.0.2.15","149.154.167.99","TCP","56","43190  >  443 [ACK] Seq=10459 Ack=8741 Win=65535 Len=0"
"8686","94.861458879","10.0.2.15","149.154.167.99","TLSv1.2","205","Application Data"
"8687","94.861953664","149.154.167.99","10.0.2.15","TCP","62","443  >  43190 [ACK] Seq=8741 Ack=10608 Win=65535 Len=0"
"8688","96.076222049","10.0.2.15","149.154.167.99","TLSv1.2","255","Application Data"
"8689","96.076532892","149.154.167.99","10.0.2.15","TCP","62","443  >  43190 [ACK] Seq=8741 Ack=10807 Win=65535 Len=0"
"8690","96.190144638","149.154.167.99","10.0.2.15","TLSv1.2","169","Application Data"
"8691","96.233643338","10.0.2.15","149.154.167.99","TCP","56","43190  >  443 [ACK] Seq=10807 Ack=8854 Win=65535 Len=0"
"8700","98.068408231","10.0.2.15","149.154.167.99","TLSv1.2","205","Application Data"
"8701","98.068808135","149.154.167.99","10.0.2.15","TCP","62","443  >  43190 [ACK] Seq=8854 Ack=10956 Win=65535 Len=0"
"8702","98.155554157","149.154.167.99","10.0.2.15","TLSv1.2","169","Application Data"
"8703","98.155585657","10.0.2.15","149.154.167.99","TCP","56","43190  >  443 [ACK] Seq=10956 Ack=8967 Win=65535 Len=0"
"8704","100.074940386","10.0.2.15","149.154.167.99","TLSv1.2","205","Application Data"
"8705","100.075419239","149.154.167.99","10.0.2.15","TCP","62","443  >  43190 [ACK] Seq=8967 Ack=11105 Win=65535 Len=0"
"8706","100.160307879","149.154.167.99","10.0.2.15","TLSv1.2","169","Application Data"
"8707","100.160350062","10.0.2.15","149.154.167.99","TCP","56","43190  >  443 [ACK] Seq=11105 Ack=9080 Win=65535 Len=0"
"8708","102.079591081","10.0.2.15","149.154.167.99","TLSv1.2","189","Application Data"
"8709","102.079962957","149.154.167.99","10.0.2.15","TCP","62","443  >  43190 [ACK] Seq=9080 Ack=11238 Win=65535 Len=0"
"8710","102.172736979","149.154.167.99","10.0.2.15","TLSv1.2","169","Application Data"
"8711","102.172773366","10.0.2.15","149.154.167.99","TCP","56","43190  >  443 [ACK] Seq=11238 Ack=9193 Win=65535 Len=0"
"8729","104.070608421","10.0.2.15","149.154.167.99","TLSv1.2","223","Application Data"
"8730","104.070976260","149.154.167.99","10.0.2.15","TCP","62","443  >  43190 [ACK] Seq=9193 Ack=11405 Win=65535 Len=0"
"8731","104.154280308","149.154.167.99","10.0.2.15","TLSv1.2","169","Application Data"
"8732","104.154313155","10.0.2.15","149.154.167.99","TCP","56","43190  >  443 [ACK] Seq=11405 Ack=9306 Win=65535 Len=0"
"8733","106.084716265","10.0.2.15","149.154.167.99","TLSv1.2","205","Application Data"
"8734","106.085050087","149.154.167.99","10.0.2.15","TCP","62","443  >  43190 [ACK] Seq=9306 Ack=11554 Win=65535 Len=0"
"8735","106.213946265","149.154.167.99","10.0.2.15","TLSv1.2","169","Application Data"
"8736","106.213978390","10.0.2.15","149.154.167.99","TCP","56","43190  >  443 [ACK] Seq=11554 Ack=9419 Win=65535 Len=0"
"8737","108.079038674","10.0.2.15","149.154.167.99","TLSv1.2","239","Application Data"
"8738","108.079417195","149.154.167.99","10.0.2.15","TCP","62","443  >  43190 [ACK] Seq=9419 Ack=11737 Win=65535 Len=0"
"8739","108.160391640","149.154.167.99","10.0.2.15","TLSv1.2","169","Application Data"
"8740","108.160423779","10.0.2.15","149.154.167.99","TCP","56","43190  >  443 [ACK] Seq=11737 Ack=9532 Win=65535 Len=0"
"10459","110.074262007","10.0.2.15","149.154.167.99","TLSv1.2","255","Application Data"
"10460","110.074593034","149.154.167.99","10.0.2.15","TCP","62","443  >  43190 [ACK] Seq=9532 Ack=11936 Win=65535 Len=0"
"10461","110.183003827","149.154.167.99","10.0.2.15","TLSv1.2","169","Application Data"
"10462","110.183038001","10.0.2.15","149.154.167.99","TCP","56","43190  >  443 [ACK] Seq=11936 Ack=9645 Win=65535 Len=0"
"10463","112.087826218","10.0.2.15","149.154.167.99","TLSv1.2","255","Application Data"
"10464","112.088179712","149.154.167.99","10.0.2.15","TCP","62","443  >  43190 [ACK] Seq=9645 Ack=12135 Win=65535 Len=0"
"10465","112.185657543","149.154.167.99","10.0.2.15","TLSv1.2","169","Application Data"
"10466","112.185690759","10.0.2.15","149.154.167.99","TCP","56","43190  >  443 [ACK] Seq=12135 Ack=9758 Win=65535 Len=0"
"10467","114.078518992","10.0.2.15","149.154.167.99","TLSv1.2","255","Application Data"
"10468","114.078856423","149.154.167.99","10.0.2.15","TCP","62","443  >  43190 [ACK] Seq=9758 Ack=12334 Win=65535 Len=0"
"10469","114.177634623","149.154.167.99","10.0.2.15","TLSv1.2","169","Application Data"
"10470","114.177691511","10.0.2.15","149.154.167.99","TCP","56","43190  >  443 [ACK] Seq=12334 Ack=9871 Win=65535 Len=0"
"10471","116.075864752","10.0.2.15","149.154.167.99","TLSv1.2","189","Application Data"
"10472","116.076196014","149.154.167.99","10.0.2.15","TCP","62","443  >  43190 [ACK] Seq=9871 Ack=12467 Win=65535 Len=0"
"10473","116.161168058","149.154.167.99","10.0.2.15","TLSv1.2","169","Application Data"
"10474","116.161198293","10.0.2.15","149.154.167.99","TCP","56","43190  >  443 [ACK] Seq=12467 Ack=9984 Win=65535 Len=0"
"10475","118.088816561","10.0.2.15","149.154.167.99","TLSv1.2","255","Application Data"
"10476","118.089165509","149.154.167.99","10.0.2.15","TCP","62","443  >  43190 [ACK] Seq=9984 Ack=12666 Win=65535 Len=0"
"10477","118.238713925","149.154.167.99","10.0.2.15","TLSv1.2","169","Application Data"
"10478","118.238748818","10.0.2.15","149.154.167.99","TCP","56","43190  >  443 [ACK] Seq=12666 Ack=10097 Win=65535 Len=0"
"10479","120.081444480","10.0.2.15","149.154.167.99","TLSv1.2","255","Application Data"
"10480","120.081846262","149.154.167.99","10.0.2.15","TCP","62","443  >  43190 [ACK] Seq=10097 Ack=12865 Win=65535 Len=0"
"10481","120.164749812","149.154.167.99","10.0.2.15","TLSv1.2","169","Application Data"
"10482","120.164779565","10.0.2.15","149.154.167.99","TCP","56","43190  >  443 [ACK] Seq=12865 Ack=10210 Win=65535 Len=0"
"10924","122.081674800","10.0.2.15","149.154.167.99","TLSv1.2","255","Application Data"
"10925","122.082025396","149.154.167.99","10.0.2.15","TCP","62","443  >  43190 [ACK] Seq=10210 Ack=13064 Win=65535 Len=0"
"10939","122.167215317","149.154.167.99","10.0.2.15","TLSv1.2","169","Application Data"
"10940","122.167243758","10.0.2.15","149.154.167.99","TCP","56","43190  >  443 [ACK] Seq=13064 Ack=10323 Win=65535 Len=0"
"10945","124.091387181","10.0.2.15","149.154.167.99","TLSv1.2","239","Application Data"
"10946","124.091785680","149.154.167.99","10.0.2.15","TCP","62","443  >  43190 [ACK] Seq=10323 Ack=13247 Win=65535 Len=0"
"10947","124.158065601","149.154.167.99","10.0.2.15","TLSv1.2","670","Application Data"
"10948","124.158095262","10.0.2.15","149.154.167.99","TCP","56","43190  >  443 [ACK] Seq=13247 Ack=10937 Win=65535 Len=0"
"10949","124.173675766","149.154.167.99","10.0.2.15","TLSv1.2","169","Application Data"
"10950","124.173702256","10.0.2.15","149.154.167.99","TCP","56","43190  >  443 [ACK] Seq=13247 Ack=11050 Win=65535 Len=0"
"10951","124.183785087","10.0.2.15","149.154.167.99","TLSv1.2","205","Application Data"
"10952","124.184090137","149.154.167.99","10.0.2.15","TCP","62","443  >  43190 [ACK] Seq=11050 Ack=13396 Win=65535 Len=0"
"10953","124.186153421","10.0.2.15","149.154.167.99","TLSv1.2","173","Application Data"
"10954","124.186419735","149.154.167.99","10.0.2.15","TCP","62","443  >  43190 [ACK] Seq=11050 Ack=13513 Win=65535 Len=0"
"10955","124.336058861","149.154.167.99","10.0.2.15","TLSv1.2","169","Application Data"
"10956","124.342613406","10.0.2.15","149.154.167.99","TLSv1.2","189","Application Data"
"10957","124.342960478","149.154.167.99","10.0.2.15","TCP","62","443  >  43190 [ACK] Seq=11163 Ack=13646 Win=65535 Len=0"
"10958","124.960474997","149.154.167.99","10.0.2.15","TLSv1.2","219","Application Data"
"10959","124.970152083","10.0.2.15","149.154.167.99","TLSv1.2","223","Application Data"
"10960","124.970478304","149.154.167.99","10.0.2.15","TCP","62","443  >  43190 [ACK] Seq=11326 Ack=13813 Win=65535 Len=0"
"10961","126.079940063","10.0.2.15","149.154.167.99","TLSv1.2","189","Application Data"
"10962","126.080242802","149.154.167.99","10.0.2.15","TCP","62","443  >  43190 [ACK] Seq=11326 Ack=13946 Win=65535 Len=0"
"10963","126.198382379","149.154.167.99","10.0.2.15","TLSv1.2","169","Application Data"
"10964","126.241438075","10.0.2.15","149.154.167.99","TCP","56","43190  >  443 [ACK] Seq=13946 Ack=11439 Win=65535 Len=0"
"10965","128.087618041","10.0.2.15","149.154.167.99","TLSv1.2","223","Application Data"
"10966","128.087971856","149.154.167.99","10.0.2.15","TCP","62","443  >  43190 [ACK] Seq=11439 Ack=14113 Win=65535 Len=0"
"10967","128.173543768","149.154.167.99","10.0.2.15","TLSv1.2","169","Application Data"
"10968","128.173575187","10.0.2.15","149.154.167.99","TCP","56","43190  >  443 [ACK] Seq=14113 Ack=11552 Win=65535 Len=0"
"10969","128.656880117","10.0.2.15","149.154.167.99","TLSv1.2","239","Application Data"
"10970","128.657167603","149.154.167.99","10.0.2.15","TCP","62","443  >  43190 [ACK] Seq=11552 Ack=14296 Win=65535 Len=0"
"10971","128.773741807","149.154.167.99","10.0.2.15","TLSv1.2","507","Application Data"
"10972","128.773774762","10.0.2.15","149.154.167.99","TCP","56","43190  >  443 [ACK] Seq=14296 Ack=12003 Win=65535 Len=0"
"10973","128.791338144","10.0.2.15","149.154.167.99","TLSv1.2","223","Application Data"
"10974","128.791840088","149.154.167.99","10.0.2.15","TCP","62","443  >  43190 [ACK] Seq=12003 Ack=14463 Win=65535 Len=0"
"10975","130.098959443","10.0.2.15","149.154.167.99","TLSv1.2","205","Application Data"
"10976","130.099326906","149.154.167.99","10.0.2.15","TCP","62","443  >  43190 [ACK] Seq=12003 Ack=14612 Win=65535 Len=0"
"10977","130.181051376","149.154.167.99","10.0.2.15","TLSv1.2","169","Application Data"
"10978","130.225869240","10.0.2.15","149.154.167.99","TCP","56","43190  >  443 [ACK] Seq=14612 Ack=12116 Win=65535 Len=0"
"10979","132.087596326","10.0.2.15","149.154.167.99","TLSv1.2","255","Application Data"
"10980","132.087949591","149.154.167.99","10.0.2.15","TCP","62","443  >  43190 [ACK] Seq=12116 Ack=14811 Win=65535 Len=0"
"10981","132.239392512","149.154.167.99","10.0.2.15","TLSv1.2","169","Application Data"
"10982","132.239421044","10.0.2.15","149.154.167.99","TCP","56","43190  >  443 [ACK] Seq=14811 Ack=12229 Win=65535 Len=0"
"12884","134.091263560","10.0.2.15","149.154.167.99","TLSv1.2","255","Application Data"
"12885","134.091614788","149.154.167.99","10.0.2.15","TCP","62","443  >  43190 [ACK] Seq=12229 Ack=15010 Win=65535 Len=0"
"12886","134.175126978","149.154.167.99","10.0.2.15","TLSv1.2","169","Application Data"
"12887","134.175161834","10.0.2.15","149.154.167.99","TCP","56","43190  >  443 [ACK] Seq=15010 Ack=12342 Win=65535 Len=0"
"12888","136.099427555","10.0.2.15","149.154.167.99","TLSv1.2","255","Application Data"
"12889","136.099860692","149.154.167.99","10.0.2.15","TCP","62","443  >  43190 [ACK] Seq=12342 Ack=15209 Win=65535 Len=0"
"12890","136.184303966","149.154.167.99","10.0.2.15","TLSv1.2","169","Application Data"
"12891","136.184372148","10.0.2.15","149.154.167.99","TCP","56","43190  >  443 [ACK] Seq=15209 Ack=12455 Win=65535 Len=0"
"12899","138.092253236","10.0.2.15","149.154.167.99","TLSv1.2","239","Application Data"
"12900","138.092607202","149.154.167.99","10.0.2.15","TCP","62","443  >  43190 [ACK] Seq=12455 Ack=15392 Win=65535 Len=0"
"12901","138.178931979","149.154.167.99","10.0.2.15","TLSv1.2","169","Application Data"
"12902","138.178960717","10.0.2.15","149.154.167.99","TCP","56","43190  >  443 [ACK] Seq=15392 Ack=12568 Win=65535 Len=0"
"12903","140.101642129","10.0.2.15","149.154.167.99","TLSv1.2","205","Application Data"
"12904","140.101938039","149.154.167.99","10.0.2.15","TCP","62","443  >  43190 [ACK] Seq=12568 Ack=15541 Win=65535 Len=0"
"12905","140.253902886","149.154.167.99","10.0.2.15","TLSv1.2","169","Application Data"
"12906","140.253934787","10.0.2.15","149.154.167.99","TCP","56","43190  >  443 [ACK] Seq=15541 Ack=12681 Win=65535 Len=0"
"12907","142.099365922","10.0.2.15","149.154.167.99","TLSv1.2","189","Application Data"
"12908","142.099700890","149.154.167.99","10.0.2.15","TCP","62","443  >  43190 [ACK] Seq=12681 Ack=15674 Win=65535 Len=0"
"12909","142.184244678","149.154.167.99","10.0.2.15","TLSv1.2","169","Application Data"
"12910","142.184282259","10.0.2.15","149.154.167.99","TCP","56","43190  >  443 [ACK] Seq=15674 Ack=12794 Win=65535 Len=0"
"12911","144.093048904","10.0.2.15","149.154.167.99","TLSv1.2","239","Application Data"
"12912","144.093344346","149.154.167.99","10.0.2.15","TCP","62","443  >  43190 [ACK] Seq=12794 Ack=15857 Win=65535 Len=0"
"12913","144.189815755","149.154.167.99","10.0.2.15","TLSv1.2","169","Application Data"
"12914","144.189853125","10.0.2.15","149.154.167.99","TCP","56","43190  >  443 [ACK] Seq=15857 Ack=12907 Win=65535 Len=0"
"12915","146.107152638","10.0.2.15","149.154.167.99","TLSv1.2","223","Application Data"
"12916","146.107562884","149.154.167.99","10.0.2.15","TCP","62","443  >  43190 [ACK] Seq=12907 Ack=16024 Win=65535 Len=0"
"12917","146.192894768","149.154.167.99","10.0.2.15","TLSv1.2","169","Application Data"
"12918","146.192945968","10.0.2.15","149.154.167.99","TCP","56","43190  >  443 [ACK] Seq=16024 Ack=13020 Win=65535 Len=0"
"12919","148.103503276","10.0.2.15","149.154.167.99","TLSv1.2","239","Application Data"
"12920","148.103879223","149.154.167.99","10.0.2.15","TCP","62","443  >  43190 [ACK] Seq=13020 Ack=16207 Win=65535 Len=0"
"12921","148.191675327","149.154.167.99","10.0.2.15","TLSv1.2","169","Application Data"
"12922","148.191705967","10.0.2.15","149.154.167.99","TCP","56","43190  >  443 [ACK] Seq=16207 Ack=13133 Win=65535 Len=0"
"12923","150.096926799","10.0.2.15","149.154.167.99","TLSv1.2","205","Application Data"
"12924","150.097224060","149.154.167.99","10.0.2.15","TCP","62","443  >  43190 [ACK] Seq=13133 Ack=16356 Win=65535 Len=0"
"12925","150.179775729","149.154.167.99","10.0.2.15","TLSv1.2","169","Application Data"
"12926","150.179812209","10.0.2.15","149.154.167.99","TCP","56","43190  >  443 [ACK] Seq=16356 Ack=13246 Win=65535 Len=0"
"13364","152.111565043","10.0.2.15","149.154.167.99","TLSv1.2","255","Application Data"
"13365","152.111908790","149.154.167.99","10.0.2.15","TCP","62","443  >  43190 [ACK] Seq=13246 Ack=16555 Win=65535 Len=0"
"13366","152.230629211","149.154.167.99","10.0.2.15","TLSv1.2","169","Application Data"
"13367","152.230658891","10.0.2.15","149.154.167.99","TCP","56","43190  >  443 [ACK] Seq=16555 Ack=13359 Win=65535 Len=0"
"13368","154.106438261","10.0.2.15","149.154.167.99","TLSv1.2","255","Application Data"
"13369","154.106756037","149.154.167.99","10.0.2.15","TCP","62","443  >  43190 [ACK] Seq=13359 Ack=16754 Win=65535 Len=0"
"13370","154.189735213","149.154.167.99","10.0.2.15","TLSv1.2","169","Application Data"
"13371","154.189767127","10.0.2.15","149.154.167.99","TCP","56","43190  >  443 [ACK] Seq=16754 Ack=13472 Win=65535 Len=0"
"13372","154.894362804","149.154.167.99","10.0.2.15","TLSv1.2","185","Application Data"
"13373","154.894405499","10.0.2.15","149.154.167.99","TCP","56","43190  >  443 [ACK] Seq=16754 Ack=13601 Win=65535 Len=0"
"13374","154.905025197","10.0.2.15","149.154.167.99","TLSv1.2","189","Application Data"
"13375","154.905387660","149.154.167.99","10.0.2.15","TCP","62","443  >  43190 [ACK] Seq=13601 Ack=16887 Win=65535 Len=0"
"13376","156.104744878","10.0.2.15","149.154.167.99","TLSv1.2","255","Application Data"
"13377","156.105033835","149.154.167.99","10.0.2.15","TCP","62","443  >  43190 [ACK] Seq=13601 Ack=17086 Win=65535 Len=0"
"13378","156.143318837","149.154.167.99","10.0.2.15","TLSv1.2","587","Application Data"
"13379","156.171923455","10.0.2.15","149.154.167.99","TLSv1.2","223","Application Data"
"13380","156.172203983","149.154.167.99","10.0.2.15","TCP","62","443  >  43190 [ACK] Seq=14132 Ack=17253 Win=65535 Len=0"
"13381","156.174104243","10.0.2.15","149.154.167.99","TLSv1.2","223","Application Data"
"13382","156.174357783","149.154.167.99","10.0.2.15","TCP","62","443  >  43190 [ACK] Seq=14132 Ack=17420 Win=65535 Len=0"
"13383","156.186357351","149.154.167.99","10.0.2.15","TLSv1.2","169","Application Data"
"13384","156.228955026","10.0.2.15","149.154.167.99","TCP","56","43190  >  443 [ACK] Seq=17420 Ack=14245 Win=65535 Len=0"
"13385","156.314689083","149.154.167.99","10.0.2.15","TLSv1.2","169","Application Data"
"13386","156.314722045","10.0.2.15","149.154.167.99","TCP","56","43190  >  443 [ACK] Seq=17420 Ack=14358 Win=65535 Len=0"
"13387","156.325010114","10.0.2.15","149.154.167.99","TLSv1.2","189","Application Data"
"13388","156.325310450","149.154.167.99","10.0.2.15","TCP","62","443  >  43190 [ACK] Seq=14358 Ack=17553 Win=65535 Len=0"
"13389","158.114416341","10.0.2.15","149.154.167.99","TLSv1.2","205","Application Data"
"13390","158.114750544","149.154.167.99","10.0.2.15","TCP","62","443  >  43190 [ACK] Seq=14358 Ack=17702 Win=65535 Len=0"
"13391","158.199599542","149.154.167.99","10.0.2.15","TLSv1.2","169","Application Data"
"13392","158.245272985","10.0.2.15","149.154.167.99","TCP","56","43190  >  443 [ACK] Seq=17702 Ack=14471 Win=65535 Len=0"
"13393","160.120295976","10.0.2.15","149.154.167.99","TLSv1.2","239","Application Data"
"13394","160.120635569","149.154.167.99","10.0.2.15","TCP","62","443  >  43190 [ACK] Seq=14471 Ack=17885 Win=65535 Len=0"
"13395","160.246917992","149.154.167.99","10.0.2.15","TLSv1.2","169","Application Data"
"13396","160.246945790","10.0.2.15","149.154.167.99","TCP","56","43190  >  443 [ACK] Seq=17885 Ack=14584 Win=65535 Len=0"
"13397","162.112826489","10.0.2.15","149.154.167.99","TLSv1.2","189","Application Data"
"13398","162.113156427","149.154.167.99","10.0.2.15","TCP","62","443  >  43190 [ACK] Seq=14584 Ack=18018 Win=65535 Len=0"
"13399","162.195034607","149.154.167.99","10.0.2.15","TLSv1.2","169","Application Data"
"13400","162.195068023","10.0.2.15","149.154.167.99","TCP","56","43190  >  443 [ACK] Seq=18018 Ack=14697 Win=65535 Len=0"
"13419","164.115081690","10.0.2.15","149.154.167.99","TLSv1.2","189","Application Data"
"13420","164.115445225","149.154.167.99","10.0.2.15","TCP","62","443  >  43190 [ACK] Seq=14697 Ack=18151 Win=65535 Len=0"
"13421","164.200594695","149.154.167.99","10.0.2.15","TLSv1.2","169","Application Data"
"13422","164.200628135","10.0.2.15","149.154.167.99","TCP","56","43190  >  443 [ACK] Seq=18151 Ack=14810 Win=65535 Len=0"
"13423","166.119412536","10.0.2.15","149.154.167.99","TLSv1.2","189","Application Data"
"13424","166.119757038","149.154.167.99","10.0.2.15","TCP","62","443  >  43190 [ACK] Seq=14810 Ack=18284 Win=65535 Len=0"
"13425","166.202356808","149.154.167.99","10.0.2.15","TLSv1.2","169","Application Data"
"13426","166.202388565","10.0.2.15","149.154.167.99","TCP","56","43190  >  443 [ACK] Seq=18284 Ack=14923 Win=65535 Len=0"
"13430","168.122239962","10.0.2.15","149.154.167.99","TLSv1.2","223","Application Data"
"13431","168.122970229","149.154.167.99","10.0.2.15","TCP","62","443  >  43190 [ACK] Seq=14923 Ack=18451 Win=65535 Len=0"
"13432","168.216680547","149.154.167.99","10.0.2.15","TLSv1.2","169","Application Data"
"13433","168.216705161","10.0.2.15","149.154.167.99","TCP","56","43190  >  443 [ACK] Seq=18451 Ack=15036 Win=65535 Len=0"
"14871","170.114169852","10.0.2.15","149.154.167.99","TLSv1.2","223","Application Data"
"14872","170.114719397","149.154.167.99","10.0.2.15","TCP","62","443  >  43190 [ACK] Seq=15036 Ack=18618 Win=65535 Len=0"
"14873","170.283248862","149.154.167.99","10.0.2.15","TLSv1.2","169","Application Data"
"14874","170.283287316","10.0.2.15","149.154.167.99","TCP","56","43190  >  443 [ACK] Seq=18618 Ack=15149 Win=65535 Len=0"
"14887","172.129954887","10.0.2.15","149.154.167.99","TLSv1.2","189","Application Data"
"14888","172.130218850","149.154.167.99","10.0.2.15","TCP","62","443  >  43190 [ACK] Seq=15149 Ack=18751 Win=65535 Len=0"
"14889","172.211510498","149.154.167.99","10.0.2.15","TLSv1.2","169","Application Data"
"14890","172.211536282","10.0.2.15","149.154.167.99","TCP","56","43190  >  443 [ACK] Seq=18751 Ack=15262 Win=65535 Len=0"
"14891","174.122201629","10.0.2.15","149.154.167.99","TLSv1.2","223","Application Data"
"14892","174.122538677","149.154.167.99","10.0.2.15","TCP","62","443  >  43190 [ACK] Seq=15262 Ack=18918 Win=65535 Len=0"
"14893","174.206443437","149.154.167.99","10.0.2.15","TLSv1.2","169","Application Data"
"14894","174.206476413","10.0.2.15","149.154.167.99","TCP","56","43190  >  443 [ACK] Seq=18918 Ack=15375 Win=65535 Len=0"
"14895","176.113922872","10.0.2.15","149.154.167.99","TLSv1.2","223","Application Data"
"14896","176.114351878","149.154.167.99","10.0.2.15","TCP","62","443  >  43190 [ACK] Seq=15375 Ack=19085 Win=65535 Len=0"
"14897","176.249486872","149.154.167.99","10.0.2.15","TLSv1.2","169","Application Data"
"14898","176.249516141","10.0.2.15","149.154.167.99","TCP","56","43190  >  443 [ACK] Seq=19085 Ack=15488 Win=65535 Len=0"
"14907","178.123079277","10.0.2.15","149.154.167.99","TLSv1.2","205","Application Data"
"14908","178.123358615","149.154.167.99","10.0.2.15","TCP","62","443  >  43190 [ACK] Seq=15488 Ack=19234 Win=65535 Len=0"
"14909","178.255021306","149.154.167.99","10.0.2.15","TLSv1.2","169","Application Data"
"14910","178.255051028","10.0.2.15","149.154.167.99","TCP","56","43190  >  443 [ACK] Seq=19234 Ack=15601 Win=65535 Len=0"
"14911","180.129646297","10.0.2.15","149.154.167.99","TLSv1.2","223","Application Data"
"14912","180.130008754","149.154.167.99","10.0.2.15","TCP","62","443  >  43190 [ACK] Seq=15601 Ack=19401 Win=65535 Len=0"
"14913","180.216076793","149.154.167.99","10.0.2.15","TLSv1.2","169","Application Data"
"14914","180.216110278","10.0.2.15","149.154.167.99","TCP","56","43190  >  443 [ACK] Seq=19401 Ack=15714 Win=65535 Len=0"
"15395","182.133492159","10.0.2.15","149.154.167.99","TLSv1.2","255","Application Data"
"15396","182.133805443","149.154.167.99","10.0.2.15","TCP","62","443  >  43190 [ACK] Seq=15714 Ack=19600 Win=65535 Len=0"
"15397","182.219675912","149.154.167.99","10.0.2.15","TLSv1.2","169","Application Data"
"15398","182.219707394","10.0.2.15","149.154.167.99","TCP","56","43190  >  443 [ACK] Seq=19600 Ack=15827 Win=65535 Len=0"
"15399","184.141951168","10.0.2.15","149.154.167.99","TLSv1.2","223","Application Data"
"15400","184.142288587","149.154.167.99","10.0.2.15","TCP","62","443  >  43190 [ACK] Seq=15827 Ack=19767 Win=65535 Len=0"
"15401","184.225177829","149.154.167.99","10.0.2.15","TLSv1.2","169","Application Data"
"15402","184.225208674","10.0.2.15","149.154.167.99","TCP","56","43190  >  443 [ACK] Seq=19767 Ack=15940 Win=65535 Len=0"
"15403","184.892333898","149.154.167.99","10.0.2.15","TLSv1.2","219","Application Data"
"15404","184.892368623","10.0.2.15","149.154.167.99","TCP","56","43190  >  443 [ACK] Seq=19767 Ack=16103 Win=65535 Len=0"
"15405","184.905018145","10.0.2.15","149.154.167.99","TLSv1.2","223","Application Data"
"15406","184.905293581","149.154.167.99","10.0.2.15","TCP","62","443  >  43190 [ACK] Seq=16103 Ack=19934 Win=65535 Len=0"
"15407","186.139040535","10.0.2.15","149.154.167.99","TLSv1.2","223","Application Data"
"15408","186.139425464","149.154.167.99","10.0.2.15","TCP","62","443  >  43190 [ACK] Seq=16103 Ack=20101 Win=65535 Len=0"
"15409","186.223917881","149.154.167.99","10.0.2.15","TLSv1.2","169","Application Data"
"15410","186.266384456","10.0.2.15","149.154.167.99","TCP","56","43190  >  443 [ACK] Seq=20101 Ack=16216 Win=65535 Len=0"
"15411","186.519375277","149.154.167.99","10.0.2.15","TLSv1.2","443","Application Data"
"15412","186.519409967","10.0.2.15","149.154.167.99","TCP","56","43190  >  443 [ACK] Seq=20101 Ack=16603 Win=65535 Len=0"
"15413","186.538111380","10.0.2.15","149.154.167.99","TLSv1.2","239","Application Data"
"15414","186.538511846","149.154.167.99","10.0.2.15","TCP","62","443  >  43190 [ACK] Seq=16603 Ack=20284 Win=65535 Len=0"
"15415","186.539180371","10.0.2.15","149.154.167.99","TLSv1.2","189","Application Data"
"15416","186.539416249","149.154.167.99","10.0.2.15","TCP","62","443  >  43190 [ACK] Seq=16603 Ack=20417 Win=65535 Len=0"
"15417","186.651062672","149.154.167.99","10.0.2.15","TLSv1.2","169","Application Data"
"15418","186.658510730","10.0.2.15","149.154.167.99","TLSv1.2","223","Application Data"
"15419","186.658844664","149.154.167.99","10.0.2.15","TCP","62","443  >  43190 [ACK] Seq=16716 Ack=20584 Win=65535 Len=0"
"15420","187.889368494","149.154.167.99","10.0.2.15","TLSv1.2","185","Application Data"
"15421","187.901026584","10.0.2.15","149.154.167.99","TLSv1.2","255","Application Data"
"15422","187.901344182","149.154.167.99","10.0.2.15","TCP","62","443  >  43190 [ACK] Seq=16845 Ack=20783 Win=65535 Len=0"
"15423","188.134552916","10.0.2.15","149.154.167.99","TLSv1.2","223","Application Data"
"15424","188.134935871","149.154.167.99","10.0.2.15","TCP","62","443  >  43190 [ACK] Seq=16845 Ack=20950 Win=65535 Len=0"
"15425","188.218930542","149.154.167.99","10.0.2.15","TLSv1.2","169","Application Data"
"15426","188.260976582","10.0.2.15","149.154.167.99","TCP","56","43190  >  443 [ACK] Seq=20950 Ack=16958 Win=65535 Len=0"
"15427","189.674637550","10.0.2.15","149.154.167.99","TLSv1.2","189","Application Data"
"15428","189.674962400","149.154.167.99","10.0.2.15","TCP","62","443  >  43190 [ACK] Seq=16958 Ack=21083 Win=65535 Len=0"
"15429","189.792821648","149.154.167.99","10.0.2.15","TLSv1.2","507","Application Data"
"15430","189.792863713","10.0.2.15","149.154.167.99","TCP","56","43190  >  443 [ACK] Seq=21083 Ack=17409 Win=65535 Len=0"
"15431","189.809710092","10.0.2.15","149.154.167.99","TLSv1.2","205","Application Data"
"15432","189.810035276","149.154.167.99","10.0.2.15","TCP","62","443  >  43190 [ACK] Seq=17409 Ack=21232 Win=65535 Len=0"
"15433","190.137920824","10.0.2.15","149.154.167.99","TLSv1.2","189","Application Data"
"15434","190.138264401","149.154.167.99","10.0.2.15","TCP","62","443  >  43190 [ACK] Seq=17409 Ack=21365 Win=65535 Len=0"
"15435","190.227155404","149.154.167.99","10.0.2.15","TLSv1.2","169","Application Data"
"15436","190.269084588","10.0.2.15","149.154.167.99","TCP","56","43190  >  443 [ACK] Seq=21365 Ack=17522 Win=65535 Len=0"
"15437","192.145080247","10.0.2.15","149.154.167.99","TLSv1.2","189","Application Data"
"15438","192.145425552","149.154.167.99","10.0.2.15","TCP","62","443  >  43190 [ACK] Seq=17522 Ack=21498 Win=65535 Len=0"
"15439","192.232321829","149.154.167.99","10.0.2.15","TLSv1.2","169","Application Data"
"15440","192.232374238","10.0.2.15","149.154.167.99","TCP","56","43190  >  443 [ACK] Seq=21498 Ack=17635 Win=65535 Len=0"
"15458","194.138848064","10.0.2.15","149.154.167.99","TLSv1.2","239","Application Data"
"15459","194.139236551","149.154.167.99","10.0.2.15","TCP","62","443  >  43190 [ACK] Seq=17635 Ack=21681 Win=65535 Len=0"
"15460","194.302250270","149.154.167.99","10.0.2.15","TLSv1.2","169","Application Data"
"15461","194.302289079","10.0.2.15","149.154.167.99","TCP","56","43190  >  443 [ACK] Seq=21681 Ack=17748 Win=65535 Len=0"
"15462","196.149420334","10.0.2.15","149.154.167.99","TLSv1.2","255","Application Data"
"15463","196.149792779","149.154.167.99","10.0.2.15","TCP","62","443  >  43190 [ACK] Seq=17748 Ack=21880 Win=65535 Len=0"
"15464","196.268055205","149.154.167.99","10.0.2.15","TLSv1.2","169","Application Data"
"15465","196.268088809","10.0.2.15","149.154.167.99","TCP","56","43190  >  443 [ACK] Seq=21880 Ack=17861 Win=65535 Len=0"
"15466","198.146549458","10.0.2.15","149.154.167.99","TLSv1.2","189","Application Data"
"15467","198.146797327","149.154.167.99","10.0.2.15","TCP","62","443  >  43190 [ACK] Seq=17861 Ack=22013 Win=65535 Len=0"
"15477","198.278930783","149.154.167.99","10.0.2.15","TLSv1.2","169","Application Data"
"15478","198.278965437","10.0.2.15","149.154.167.99","TCP","56","43190  >  443 [ACK] Seq=22013 Ack=17974 Win=65535 Len=0"
"17232","199.069483829","149.154.167.99","10.0.2.15","TLSv1.2","299","Application Data"
"17233","199.069515911","10.0.2.15","149.154.167.99","TCP","56","43190  >  443 [ACK] Seq=22013 Ack=18217 Win=65535 Len=0"
"17234","199.079750231","10.0.2.15","149.154.167.99","TLSv1.2","239","Application Data"
"17235","199.080017827","149.154.167.99","10.0.2.15","TCP","62","443  >  43190 [ACK] Seq=18217 Ack=22196 Win=65535 Len=0"
"17236","200.143131342","10.0.2.15","149.154.167.99","TLSv1.2","223","Application Data"
"17237","200.143514499","149.154.167.99","10.0.2.15","TCP","62","443  >  43190 [ACK] Seq=18217 Ack=22363 Win=65535 Len=0"
"17238","200.234950919","149.154.167.99","10.0.2.15","TLSv1.2","169","Application Data"
"17239","200.281896031","10.0.2.15","149.154.167.99","TCP","56","43190  >  443 [ACK] Seq=22363 Ack=18330 Win=65535 Len=0"
"17240","202.158682813","10.0.2.15","149.154.167.99","TLSv1.2","189","Application Data"
"17241","202.158987024","149.154.167.99","10.0.2.15","TCP","62","443  >  43190 [ACK] Seq=18330 Ack=22496 Win=65535 Len=0"
"17242","202.243613804","149.154.167.99","10.0.2.15","TLSv1.2","169","Application Data"
"17243","202.243647846","10.0.2.15","149.154.167.99","TCP","56","43190  >  443 [ACK] Seq=22496 Ack=18443 Win=65535 Len=0"
"17244","202.354259426","149.154.167.99","10.0.2.15","TLSv1.2","185","Application Data"
"17245","202.354372771","10.0.2.15","149.154.167.99","TCP","56","43190  >  443 [ACK] Seq=22496 Ack=18572 Win=65535 Len=0"
"17246","202.368858616","10.0.2.15","149.154.167.99","TLSv1.2","239","Application Data"
"17247","202.369207659","149.154.167.99","10.0.2.15","TCP","62","443  >  43190 [ACK] Seq=18572 Ack=22679 Win=65535 Len=0"
"17248","204.145956950","10.0.2.15","149.154.167.99","TLSv1.2","205","Application Data"
"17249","204.146308499","149.154.167.99","10.0.2.15","TCP","62","443  >  43190 [ACK] Seq=18572 Ack=22828 Win=65535 Len=0"
"17250","204.271956485","149.154.167.99","10.0.2.15","TLSv1.2","169","Application Data"
"17251","204.316539816","10.0.2.15","149.154.167.99","TCP","56","43190  >  443 [ACK] Seq=22828 Ack=18685 Win=65535 Len=0"
"17253","206.147525067","10.0.2.15","149.154.167.99","TLSv1.2","239","Application Data"
"17254","206.147858738","149.154.167.99","10.0.2.15","TCP","62","443  >  43190 [ACK] Seq=18685 Ack=23011 Win=65535 Len=0"
"17255","206.230708936","149.154.167.99","10.0.2.15","TLSv1.2","169","Application Data"
"17256","206.230743768","10.0.2.15","149.154.167.99","TCP","56","43190  >  443 [ACK] Seq=23011 Ack=18798 Win=65535 Len=0"
"17257","208.165068597","10.0.2.15","149.154.167.99","TLSv1.2","239","Application Data"
"17258","208.165485253","149.154.167.99","10.0.2.15","TCP","62","443  >  43190 [ACK] Seq=18798 Ack=23194 Win=65535 Len=0"
"17259","208.327394377","149.154.167.99","10.0.2.15","TLSv1.2","169","Application Data"
"17260","208.327424357","10.0.2.15","149.154.167.99","TCP","56","43190  >  443 [ACK] Seq=23194 Ack=18911 Win=65535 Len=0"
"17261","210.154914611","10.0.2.15","149.154.167.99","TLSv1.2","189","Application Data"
"17262","210.155234924","149.154.167.99","10.0.2.15","TCP","62","443  >  43190 [ACK] Seq=18911 Ack=23327 Win=65535 Len=0"
"17263","210.238628916","149.154.167.99","10.0.2.15","TLSv1.2","169","Application Data"
"17264","210.238667695","10.0.2.15","149.154.167.99","TCP","56","43190  >  443 [ACK] Seq=23327 Ack=19024 Win=65535 Len=0"
"17707","212.155769965","10.0.2.15","149.154.167.99","TLSv1.2","205","Application Data"
"17708","212.156145282","149.154.167.99","10.0.2.15","TCP","62","443  >  43190 [ACK] Seq=19024 Ack=23476 Win=65535 Len=0"
"17709","212.242035456","149.154.167.99","10.0.2.15","TLSv1.2","169","Application Data"
"17710","212.242071900","10.0.2.15","149.154.167.99","TCP","56","43190  >  443 [ACK] Seq=23476 Ack=19137 Win=65535 Len=0"
"17711","214.170083973","10.0.2.15","149.154.167.99","TLSv1.2","189","Application Data"
"17712","214.170431450","149.154.167.99","10.0.2.15","TCP","62","443  >  43190 [ACK] Seq=19137 Ack=23609 Win=65535 Len=0"
"17713","214.258259516","149.154.167.99","10.0.2.15","TLSv1.2","169","Application Data"
"17714","214.258290879","10.0.2.15","149.154.167.99","TCP","56","43190  >  443 [ACK] Seq=23609 Ack=19250 Win=65535 Len=0"
"17715","214.951745532","149.154.167.99","10.0.2.15","TLSv1.2","219","Application Data"
"17716","214.951774518","10.0.2.15","149.154.167.99","TCP","56","43190  >  443 [ACK] Seq=23609 Ack=19413 Win=65535 Len=0"
"17717","214.979935206","10.0.2.15","149.154.167.99","TLSv1.2","239","Application Data"
"17718","214.980172731","149.154.167.99","10.0.2.15","TCP","62","443  >  43190 [ACK] Seq=19413 Ack=23792 Win=65535 Len=0"
"17719","216.158927109","10.0.2.15","149.154.167.99","TLSv1.2","223","Application Data"
"17720","216.159277094","149.154.167.99","10.0.2.15","TCP","62","443  >  43190 [ACK] Seq=19413 Ack=23959 Win=65535 Len=0"
"17721","216.275147314","149.154.167.99","10.0.2.15","TLSv1.2","169","Application Data"
"17722","216.321421409","10.0.2.15","149.154.167.99","TCP","56","43190  >  443 [ACK] Seq=23959 Ack=19526 Win=65535 Len=0"
"17731","218.160605291","10.0.2.15","149.154.167.99","TLSv1.2","255","Application Data"
"17732","218.160981147","149.154.167.99","10.0.2.15","TCP","62","443  >  43190 [ACK] Seq=19526 Ack=24158 Win=65535 Len=0"
"17733","218.249330210","149.154.167.99","10.0.2.15","TLSv1.2","169","Application Data"
"17734","218.249357218","10.0.2.15","149.154.167.99","TCP","56","43190  >  443 [ACK] Seq=24158 Ack=19639 Win=65535 Len=0"
"17735","218.876966456","149.154.167.99","10.0.2.15","TLSv1.2","475","Application Data"
"17736","218.877003658","10.0.2.15","149.154.167.99","TCP","56","43190  >  443 [ACK] Seq=24158 Ack=20058 Win=65535 Len=0"
"17737","218.900393765","10.0.2.15","149.154.167.99","TLSv1.2","239","Application Data"
"17738","218.900756115","149.154.167.99","10.0.2.15","TCP","62","443  >  43190 [ACK] Seq=20058 Ack=24341 Win=65535 Len=0"
"17739","218.902475498","10.0.2.15","149.154.167.99","TLSv1.2","205","Application Data"
"17740","218.902776705","149.154.167.99","10.0.2.15","TCP","62","443  >  43190 [ACK] Seq=20058 Ack=24490 Win=65535 Len=0"
"17741","218.996211303","149.154.167.99","10.0.2.15","TLSv1.2","169","Application Data"
"17742","219.006616136","10.0.2.15","149.154.167.99","TLSv1.2","189","Application Data"
"17743","219.006941595","149.154.167.99","10.0.2.15","TCP","62","443  >  43190 [ACK] Seq=20171 Ack=24623 Win=65535 Len=0"
"17744","220.176837017","10.0.2.15","149.154.167.99","TLSv1.2","223","Application Data"
"17745","220.177221046","149.154.167.99","10.0.2.15","TCP","62","443  >  43190 [ACK] Seq=20171 Ack=24790 Win=65535 Len=0"
"17746","220.259265562","149.154.167.99","10.0.2.15","TLSv1.2","169","Application Data"
"17747","220.302427005","10.0.2.15","149.154.167.99","TCP","56","43190  >  443 [ACK] Seq=24790 Ack=20284 Win=65535 Len=0"
"17748","222.160370270","10.0.2.15","149.154.167.99","TLSv1.2","189","Application Data"
"17749","222.160738609","149.154.167.99","10.0.2.15","TCP","62","443  >  43190 [ACK] Seq=20284 Ack=24923 Win=65535 Len=0"
"17750","222.299575549","149.154.167.99","10.0.2.15","TLSv1.2","169","Application Data"
"17751","222.299608935","10.0.2.15","149.154.167.99","TCP","56","43190  >  443 [ACK] Seq=24923 Ack=20397 Win=65535 Len=0"
"17768","224.164410376","10.0.2.15","149.154.167.99","TLSv1.2","189","Application Data"
"17769","224.164806854","149.154.167.99","10.0.2.15","TCP","62","443  >  43190 [ACK] Seq=20397 Ack=25056 Win=65535 Len=0"
"17770","224.294394695","149.154.167.99","10.0.2.15","TLSv1.2","169","Application Data"
"17771","224.294437294","10.0.2.15","149.154.167.99","TCP","56","43190  >  443 [ACK] Seq=25056 Ack=20510 Win=65535 Len=0"
"17772","226.172360450","10.0.2.15","149.154.167.99","TLSv1.2","205","Application Data"
"17773","226.172683802","149.154.167.99","10.0.2.15","TCP","62","443  >  43190 [ACK] Seq=20510 Ack=25205 Win=65535 Len=0"
"17774","226.272813171","149.154.167.99","10.0.2.15","TLSv1.2","169","Application Data"
"17775","226.272846470","10.0.2.15","149.154.167.99","TCP","56","43190  >  443 [ACK] Seq=25205 Ack=20623 Win=65535 Len=0"
"17776","228.163354197","10.0.2.15","149.154.167.99","TLSv1.2","255","Application Data"
"17777","228.163719005","149.154.167.99","10.0.2.15","TCP","62","443  >  43190 [ACK] Seq=20623 Ack=25404 Win=65535 Len=0"
"17778","228.250205033","149.154.167.99","10.0.2.15","TLSv1.2","169","Application Data"
"17779","228.250238015","10.0.2.15","149.154.167.99","TCP","56","43190  >  443 [ACK] Seq=25404 Ack=20736 Win=65535 Len=0"
"19363","230.180868175","10.0.2.15","149.154.167.99","TLSv1.2","205","Application Data"
"19364","230.181230091","149.154.167.99","10.0.2.15","TCP","62","443  >  43190 [ACK] Seq=20736 Ack=25553 Win=65535 Len=0"
"19365","230.264835045","149.154.167.99","10.0.2.15","TLSv1.2","169","Application Data"
"19366","230.264873603","10.0.2.15","149.154.167.99","TCP","56","43190  >  443 [ACK] Seq=25553 Ack=20849 Win=65535 Len=0"
"19367","232.175182927","10.0.2.15","149.154.167.99","TLSv1.2","239","Application Data"
"19368","232.175541108","149.154.167.99","10.0.2.15","TCP","62","443  >  43190 [ACK] Seq=20849 Ack=25736 Win=65535 Len=0"
"19369","232.259446154","149.154.167.99","10.0.2.15","TLSv1.2","169","Application Data"
"19370","232.259482110","10.0.2.15","149.154.167.99","TCP","56","43190  >  443 [ACK] Seq=25736 Ack=20962 Win=65535 Len=0"
"19371","234.169802035","10.0.2.15","149.154.167.99","TLSv1.2","239","Application Data"
"19372","234.170086850","149.154.167.99","10.0.2.15","TCP","62","443  >  43190 [ACK] Seq=20962 Ack=25919 Win=65535 Len=0"
"19373","234.261162144","149.154.167.99","10.0.2.15","TLSv1.2","169","Application Data"
"19374","234.261197241","10.0.2.15","149.154.167.99","TCP","56","43190  >  443 [ACK] Seq=25919 Ack=21075 Win=65535 Len=0"
"19375","234.821212546","149.154.167.99","10.0.2.15","TLSv1.2","185","Application Data"
"19376","234.821246263","10.0.2.15","149.154.167.99","TCP","56","43190  >  443 [ACK] Seq=25919 Ack=21204 Win=65535 Len=0"
"19377","234.830509594","10.0.2.15","149.154.167.99","TLSv1.2","223","Application Data"
"19378","234.830819089","149.154.167.99","10.0.2.15","TCP","62","443  >  43190 [ACK] Seq=21204 Ack=26086 Win=65535 Len=0"
"19379","236.180226055","10.0.2.15","149.154.167.99","TLSv1.2","255","Application Data"
"19380","236.180562857","149.154.167.99","10.0.2.15","TCP","62","443  >  43190 [ACK] Seq=21204 Ack=26285 Win=65535 Len=0"
"19381","236.286788676","149.154.167.99","10.0.2.15","TLSv1.2","169","Application Data"
"19382","236.328975735","10.0.2.15","149.154.167.99","TCP","56","43190  >  443 [ACK] Seq=26285 Ack=21317 Win=65535 Len=0"
"19383","238.180231925","10.0.2.15","149.154.167.99","TLSv1.2","205","Application Data"
"19384","238.180531708","149.154.167.99","10.0.2.15","TCP","62","443  >  43190 [ACK] Seq=21317 Ack=26434 Win=65535 Len=0"
"19385","238.382076887","149.154.167.99","10.0.2.15","TLSv1.2","169","Application Data"
"19386","238.382124681","10.0.2.15","149.154.167.99","TCP","56","43190  >  443 [ACK] Seq=26434 Ack=21430 Win=65535 Len=0"
"19387","240.176703359","10.0.2.15","149.154.167.99","TLSv1.2","255","Application Data"
"19388","240.177055247","149.154.167.99","10.0.2.15","TCP","62","443  >  43190 [ACK] Seq=21430 Ack=26633 Win=65535 Len=0"
"19398","240.259351523","149.154.167.99","10.0.2.15","TLSv1.2","169","Application Data"
"19399","240.259380818","10.0.2.15","149.154.167.99","TCP","56","43190  >  443 [ACK] Seq=26633 Ack=21543 Win=65535 Len=0"
"19856","242.189508637","10.0.2.15","149.154.167.99","TLSv1.2","189","Application Data"
"19857","242.189836862","149.154.167.99","10.0.2.15","TCP","62","443  >  43190 [ACK] Seq=21543 Ack=26766 Win=65535 Len=0"
"19858","242.275772091","149.154.167.99","10.0.2.15","TLSv1.2","169","Application Data"
"19859","242.275804504","10.0.2.15","149.154.167.99","TCP","56","43190  >  443 [ACK] Seq=26766 Ack=21656 Win=65535 Len=0"
"19860","244.185355635","10.0.2.15","149.154.167.99","TLSv1.2","223","Application Data"
"19861","244.185733326","149.154.167.99","10.0.2.15","TCP","62","443  >  43190 [ACK] Seq=21656 Ack=26933 Win=65535 Len=0"
"19862","244.270434336","149.154.167.99","10.0.2.15","TLSv1.2","169","Application Data"
"19863","244.270468756","10.0.2.15","149.154.167.99","TCP","56","43190  >  443 [ACK] Seq=26933 Ack=21769 Win=65535 Len=0"
"19864","244.880289007","149.154.167.99","10.0.2.15","TLSv1.2","219","Application Data"
"19865","244.880331761","10.0.2.15","149.154.167.99","TCP","56","43190  >  443 [ACK] Seq=26933 Ack=21932 Win=65535 Len=0"
"19866","244.892476770","10.0.2.15","149.154.167.99","TLSv1.2","189","Application Data"
"19867","244.892861083","149.154.167.99","10.0.2.15","TCP","62","443  >  43190 [ACK] Seq=21932 Ack=27066 Win=65535 Len=0"
"19868","246.181663712","10.0.2.15","149.154.167.99","TLSv1.2","223","Application Data"
"19869","246.182034240","149.154.167.99","10.0.2.15","TCP","62","443  >  43190 [ACK] Seq=21932 Ack=27233 Win=65535 Len=0"
"19870","246.264300657","149.154.167.99","10.0.2.15","TLSv1.2","169","Application Data"
"19871","246.305704961","10.0.2.15","149.154.167.99","TCP","56","43190  >  443 [ACK] Seq=27233 Ack=22045 Win=65535 Len=0"
"19872","248.189902436","10.0.2.15","149.154.167.99","TLSv1.2","205","Application Data"
"19873","248.190281791","149.154.167.99","10.0.2.15","TCP","62","443  >  43190 [ACK] Seq=22045 Ack=27382 Win=65535 Len=0"
"19874","248.285398298","149.154.167.99","10.0.2.15","TLSv1.2","169","Application Data"
"19875","248.285439427","10.0.2.15","149.154.167.99","TCP","56","43190  >  443 [ACK] Seq=27382 Ack=22158 Win=65535 Len=0"
"19876","249.822944766","10.0.2.15","149.154.167.99","TLSv1.2","189","Application Data"
"19877","249.823352046","149.154.167.99","10.0.2.15","TCP","62","443  >  43190 [ACK] Seq=22158 Ack=27515 Win=65535 Len=0"
"19878","250.060470061","149.154.167.99","10.0.2.15","TLSv1.2","507","Application Data"
"19879","250.060498924","10.0.2.15","149.154.167.99","TCP","56","43190  >  443 [ACK] Seq=27515 Ack=22609 Win=65535 Len=0"
"19880","250.080143150","10.0.2.15","149.154.167.99","TLSv1.2","223","Application Data"
"19881","250.080489467","149.154.167.99","10.0.2.15","TCP","62","443  >  43190 [ACK] Seq=22609 Ack=27682 Win=65535 Len=0"
"19882","250.185127134","10.0.2.15","149.154.167.99","TLSv1.2","255","Application Data"
"19883","250.185434694","149.154.167.99","10.0.2.15","TCP","62","443  >  43190 [ACK] Seq=22609 Ack=27881 Win=65535 Len=0"
"19884","250.271868520","149.154.167.99","10.0.2.15","TLSv1.2","169","Application Data"
